pca_1,pca_2,pca_3,pca_4,umap_1,umap_2,tsne_1,tsne_2
0.13212287,-0.19542308,-0.2916619,-0.2888333,0.5780846,-0.06423554,0.4791197677372549,0.21428660422324053
-0.23146814,-0.57871604,-0.43535072,-0.1606712,-0.36101064,0.015985645,-0.6554033820084824,0.3447642374510027
-0.26164055,-0.25941575,-0.12090291,0.10000338,0.47730666,-0.2616297,-0.030169669595575203,-0.23973023516423084
-0.29580748,-0.73668617,-0.40097132,0.07533693,0.17985097,-0.1667524,-0.1444122230032568,0.15878487626754803
-0.277444,-0.5756773,-0.37384072,0.001398176,0.2723063,-0.6451861,0.05322885441134732,-0.5653115203705429
-0.41157258,-0.28588584,-0.54373676,-0.15094301,-0.2752704,0.38801983,-0.5496900392582607,0.13595524463398795
