pca_1,pca_2,pca_3,pca_4,umap_1,umap_2,tsne_1,tsne_2
-0.022475734,0.11897892,-0.3347656,-0.21027875,0.09297991,-0.055422306,0.3335581556122344,-0.1362976077955792
-0.19873391,-0.5045625,-0.5457015,-0.1425021,-0.2465908,-0.6868596,-0.23043501983925022,-0.32230652616490457
-0.2587432,-0.60435176,-0.36370483,-0.09958914,0.37540817,-0.07015234,0.3852080746582151,-0.282318110522129
